"Ad ID","Campaign","Angle","Primary Text","Headline","Description","Call To Action","Audience"
"1","Damage Repair & Restore","Years of damage","Heat tools, hard water, years of colour... your hair has been through it. The Ivy Bee Shampoo & Restore is formulated to rebuild strength from the very first wash — so brittle ends and dull lengths become a thing of the past. Botanical, nourishing and kind to your scalp. Give your hair the repair it's been asking for.","Repair Years Of Damage","Botanical hair care, made to restore.","Shop Now","Women aged 28–60"
"2","Damage Repair & Restore","Split ends / breakage","Snapping strands? Split ends that won't quit? The Ivy Bee Hair Treatment goes deep to repair and seal, leaving hair visibly smoother and stronger after just one use. The kind of results you usually only get at the salon — now part of your home routine.","Stronger Hair, One Treatment","Deep repair, salon-level results.","Shop Now","Women aged 28–60"
"3","Damage Repair & Restore","3-step system","If your hair feels rougher and weaker than it used to, you're not imagining it. Our Restore range — Shampoo, Conditioner & Treatment — works together to rebuild softness and shine without silicones or harsh sulphates. Real repair you can actually feel.","The 3-Step Restore Ritual","Wash, condition, treat. Transform.","Learn More","Women aged 28–60"
"4","Damage Repair & Restore","Scalp & fullness","Brushing out more hair than you'd like? Strengthen what you've got. The Ivy Bee's botanical blend nourishes the scalp and fortifies each strand, so your hair feels fuller, healthier and more resilient with every wash.","Stronger From The Root","Nourish your scalp. Love your hair.","Shop Now","Women aged 28–60"
"5","Damage Repair & Restore","First-wash difference","One wash. That's all it took to feel the difference. The Ivy Bee Shampoo & Restore leaves hair softer than it's been in years — no weighing it down, no residue, just clean, healthy, touchable hair. Your turn.","Feel The Difference Day One","Premium repair in every bottle.","Shop Now","Women aged 28–60"
"6","Clean & Natural Ingredients","Free-from","What you leave out matters as much as what you put in. The Ivy Bee is made without sulphates, parabens or silicones — just botanical ivy, honey-derived nutrients and plant actives your hair will actually thank you for.","Clean Hair Care, Done Right","No sulphates. No parabens. No nonsense.","Learn More","Women aged 28–60"
"7","Clean & Natural Ingredients","Read the label","Read the back of your shampoo bottle lately? If you can't pronounce half of it, it might be time to switch. The Ivy Bee keeps it simple and botanical — powered by ivy and bee-inspired nourishment, kind to your hair and your scalp.","Ingredients You Can Trust","Botanical care, transparently made.","Shop Now","Women aged 28–60"
"8","Clean & Natural Ingredients","Powered by nature","Nature does it better. We blend ivy extract and honey-derived nutrients into every bottle to gently cleanse, deeply nourish and bring back your hair's natural shine — no harsh chemicals required.","Powered By Nature","Ivy & honey-inspired hair care.","Shop Now","Women aged 28–60"
"9","Clean & Natural Ingredients","Sensitive scalp","Sensitive scalp? Gentle enough for everyday use, The Ivy Bee skips the irritating sulphates and replaces them with soothing botanicals. Cleanses beautifully without stripping — your scalp stays calm, your hair stays soft.","Gentle Enough For Every Day","Soothing, sulphate-free, scalp-kind.","Shop Now","Women aged 28–60"
"10","Clean & Natural Ingredients","Clean beauty crossover","Your skincare is clean. Why isn't your hair care? Treat your hair to the same standard with The Ivy Bee — botanical, thoughtfully formulated and free from the harsh stuff. Premium care, naturally.","Clean Beauty For Your Hair","The botanical upgrade your routine needs.","Learn More","Women aged 28–60"
"11","Luxury Self-Care Ritual","Time for you","You give everyone else your time. Ten minutes in the shower with The Ivy Bee is for you. A rich botanical lather, a calming natural scent, and hair that feels indulgently soft. Turn wash day into a ritual you look forward to.","Make Wash Day A Ritual","A little luxury, every single day.","Shop Now","Women aged 28–60"
"12","Luxury Self-Care Ritual","Everyday luxury","Some days self-care is a full spa. Other days it's a beautiful bottle of shampoo that makes the shower feel like one. The Ivy Bee brings quiet luxury to your everyday routine — because you deserve it.","Everyday Luxury, Bottled","Premium botanical hair care.","Shop Now","Women aged 28–60"
"13","Luxury Self-Care Ritual","Beautiful on display","The amber glass. The botanical scent. The way your hair feels after. The Ivy Bee isn't just hair care — it's the most indulgent five minutes of your day. Treat yourself to the ritual.","Beauty You'll Want On Display","Luxury that looks as good as it feels.","Shop Now","Women aged 28–60"
"14","Luxury Self-Care Ritual","Moment of calm","Close your eyes. Breathe in. The natural botanical scent of The Ivy Bee turns an ordinary shower into a moment of calm — and leaves your hair soft, shiny and beautifully fragrant long after.","A Moment Just For You","Calm your mind. Nourish your hair.","Shop Now","Women aged 28–60"
"15","Luxury Self-Care Ritual","At-home spa","You've earned a little indulgence. The Ivy Bee's three-step ritual — cleanse, condition, treat — transforms wash day into the kind of pampering you'd happily pay salon prices for. Now it lives in your bathroom.","The At-Home Spa Ritual","Salon-worthy pampering, every wash.","Shop Now","Women aged 28–60"
"16","Age Confidence (28–60)","Hair changes with age","Your hair changes in your 30s, 40s and beyond — and it deserves care that keeps up. The Ivy Bee is formulated to restore moisture, strength and shine to hair that's been through life. Because gorgeous hair has no age limit.","Care That Keeps Up With You","For hair at every stage of life.","Shop Now","Women aged 28–60"
"17","Age Confidence (28–60)","Hormonal change","Hormonal shifts, colour, the years — they all show up in your hair. The Ivy Bee helps bring back the softness and body you remember, with botanical nourishment made for hair that's lived a little. Feel like you again.","Bring Back Your Best Hair","Botanical care for changing hair.","Shop Now","Women aged 28–60"
"18","Age Confidence (28–60)","Grey & coloured hair","Whether you're embracing your greys or covering them, coloured and mature hair needs extra love. The Ivy Bee gently nourishes and protects, keeping your colour vibrant and your hair beautifully soft. Confidence, bottled.","Love The Hair You're In","Gentle care for coloured & grey hair.","Shop Now","Women aged 28–60"
"19","Age Confidence (28–60)","Thinning / dryness","Noticing your hair feels thinner or drier than it used to? You're far from alone — and The Ivy Bee was made for exactly this. Strengthening, volumising botanicals help your hair feel fuller and healthier, day after day.","Fuller, Healthier Hair","Botanical strength for thinning hair.","Shop Now","Women aged 28–60"
"20","Age Confidence (28–60)","No age limit","Great hair doesn't retire. The Ivy Bee delivers the moisture, shine and strength mature hair craves — so you can keep turning heads at 30, 50 and every year after. Try the range women your age are switching to.","Gorgeous Hair, No Age Limit","Premium care, made for you.","Shop Now","Women aged 28–60"
"21","Social Proof & Reviews","Forever shampoo","""I've finally found my forever shampoo."" We hear it again and again. Women are switching to The Ivy Bee and not looking back — softer, shinier, healthier hair after just a few washes. See what the fuss is about.","Women Are Switching To This","Join thousands who made the change.","Shop Now","Women aged 28–60"
"22","Social Proof & Reviews","5-star review","★★★★★ ""My hair hasn't felt this soft in years. The scent is divine and a little goes a long way."" Real words from real women who tried The Ivy Bee. Ready to write your own review?","Reviewed & Loved","5-star botanical hair care.","Shop Now","Women aged 28–60"
"23","Social Proof & Reviews","Sells out","Sold out twice. Back in stock now. The Ivy Bee has become the hair care women can't stop recommending to their friends — and once you feel the difference, you'll understand why.","The Hair Care Everyone's Talking About","Back in stock — for now.","Shop Now","Women aged 28–60"
"24","Social Proof & Reviews","Whim to holy grail","""I bought it on a whim and now I'm on my third bottle."" Sometimes the gamble pays off. Thousands of women have made The Ivy Bee their everyday ritual. Take the chance — your hair will thank you.","From Whim To Holy Grail","Loved by women everywhere.","Shop Now","Women aged 28–60"
"25","Social Proof & Reviews","Compliments","When your hairdresser asks what you've been using... that's when you know. The Ivy Bee gets noticed — softer, shinier, healthier hair that turns heads. Find out what all the compliments are about.","Hair That Gets Compliments","Try the range women rave about.","Shop Now","Women aged 28–60"
"26","Brand & Founder Story","Why we started","We started The Ivy Bee with one belief: everyday hair care should feel like a treat, not a compromise. No harsh chemicals, no cutting corners — just beautifully crafted botanical formulas made in small batches with real care. This is hair care, reimagined.","Made With Real Care","Small-batch botanical hair care.","Learn More","Women aged 28–60"
"27","Brand & Founder Story","Born from frustration","Frustrated by shampoos that promised the world and stripped our hair instead, we made our own. The Ivy Bee is the result — botanical, gentle and genuinely effective. Crafted by people who were tired of settling. Meet your new everyday.","Born From Frustration, Made With Love","The botanical hair care we always wanted.","Learn More","Women aged 28–60"
"28","Brand & Founder Story","Meaning behind the name","Ivy for resilience. The bee for nature's nourishment. Every bottle of The Ivy Bee is inspired by the quiet power of nature — thoughtfully formulated to bring out the healthiest version of your hair. Discover the story behind the brand.","The Story In Every Bottle","Nature-inspired, thoughtfully made.","Learn More","Women aged 28–60"
"29","Brand & Founder Story","Premium for real women","Premium doesn't have to mean pretentious. We made The Ivy Bee to bring salon-quality, botanical hair care to real women's bathrooms — at a price that feels fair and results that feel incredible. Welcome to your new favourite.","Premium Hair Care, For Real Women","Salon quality, beautifully accessible.","Shop Now","Women aged 28–60"
"30","Brand & Founder Story","Crafted properly","Every bottle is crafted in small batches, bottled in eco-friendly amber glass, and made without the nasties. The Ivy Bee is hair care done properly — slowly, thoughtfully, and with you in mind. Try the difference real care makes.","Hair Care Done Properly","Crafted in small batches, with care.","Learn More","Women aged 28–60"
"31","New Launch & Intro Offer","Just launched","It's here. The Ivy Bee has officially launched — and it's the botanical hair care upgrade you've been waiting for. Be among the first to try Shampoo, Conditioner & Treatment, and discover what healthy hair really feels like.","Just Launched: The Ivy Bee","New premium botanical hair care.","Shop Now","Women aged 28–60"
"32","New Launch & Intro Offer","Complete trio","New here? Start with the trio. The Ivy Bee Shampoo, Conditioner & Hair Treatment work together to cleanse, nourish and repair — the complete ritual for softer, stronger, shinier hair. First time? You're going to love this.","Try The Complete Ritual","Shampoo. Condition. Treat. Transform.","Shop Now","Women aged 28–60"
"33","New Launch & Intro Offer","First-order offer","First order? Here's a little welcome gift. Treat your hair to The Ivy Bee and see why it's becoming the go-to for women who want clean, premium, results-driven hair care. There's never been a better time to give it a go.","New Customer? Save On Your First Order","Your hair upgrade starts here.","Get Offer","Women aged 28–60"
"34","New Launch & Intro Offer","Start with the hero","Curious but not ready for the full range? Start with the Shampoo & Restore — the hero product women fall for first. One bottle might just change your wash day forever.","Start With The Hero Product","Meet the shampoo everyone loves.","Shop Now","Women aged 28–60"
"35","New Launch & Intro Offer","Selling fast","The product everyone's been asking for is finally here — and the first batch is moving fast. Don't miss your chance to try The Ivy Bee while it's in stock. Premium botanical hair care, ready to ship.","New Launch — Selling Fast","Get yours before it's gone.","Shop Now","Women aged 28–60"
"36","Sustainability & Eco","Recyclable glass","Beautiful for your hair. Kinder to the planet. The Ivy Bee comes in refined, recyclable amber glass — no cheap plastic, no compromise. Premium hair care you can feel good about, inside and out.","Hair Care That Gives Back","Recyclable glass. Botanical formulas.","Learn More","Women aged 28–60"
"37","Sustainability & Eco","Luxury with conscience","We believe luxury and responsibility belong together. That's why The Ivy Bee is cruelty-free, bottled in reusable amber glass, and made with botanical ingredients that are kind to your hair and the world around you.","Luxury With A Conscience","Cruelty-free, botanical, beautifully made.","Learn More","Women aged 28–60"
"38","Sustainability & Eco","Refill & reuse","Those amber glass bottles aren't just gorgeous on your shelf — they're better for the planet, too. Refill, reuse, repeat. The Ivy Bee is premium hair care designed to last. Make the beautiful switch.","Too Beautiful To Throw Away","Sustainable amber glass, by design.","Shop Now","Women aged 28–60"
"39","Sustainability & Eco","Inspired by the bee","Inspired by the bee — nature's hardest worker — we're committed to formulas that respect the natural world. Botanical, cruelty-free and thoughtfully packaged. The Ivy Bee proves you don't have to choose between gorgeous hair and a clear conscience.","Kind To Hair. Kind To Nature.","Botanical care, made responsibly.","Learn More","Women aged 28–60"
"40","Sustainability & Eco","Plastic-free shelf","Plastic-free bathroom goals start here. The Ivy Bee's recyclable amber glass bottles look stunning and tread lightly — premium, sustainable hair care you'll be proud to display. Upgrade your shelf and your hair.","Upgrade Your Shelf","Sustainable beauty that looks the part.","Shop Now","Women aged 28–60"
"41","Scent & Sensory","The scent first","The first thing you'll notice is the scent. Soft, botanical and never overpowering — The Ivy Bee turns your shower into a sensory escape, and leaves your hair smelling subtly beautiful all day long.","Hair That Smells Incredible","A botanical scent you'll fall for.","Shop Now","Women aged 28–60"
"42","Scent & Sensory","Signature scent","Ever had someone lean in just to ask what your hair smells like? With The Ivy Bee, get used to it. A delicate, natural fragrance that lingers gently — your new signature scent might just be your shampoo.","Your New Signature Scent","Subtle, natural, unforgettable.","Shop Now","Women aged 28–60"
"43","Scent & Sensory","Whole experience","It's not just clean hair — it's an experience. The rich lather, the calming botanical aroma, the silky finish. The Ivy Bee makes every wash feel like a treat for the senses. Once you try it, plain shampoo just won't do.","A Treat For Your Senses","Indulgent botanical hair care.","Shop Now","Women aged 28–60"
"44","Scent & Sensory","Wash away the day","Soft on your hair, soft on your senses. The Ivy Bee's natural botanical scent transforms an everyday shower into a calming ritual — the little moment of luxury your day's been missing.","Wash Away The Day","Calming, botanical, beautiful.","Shop Now","Women aged 28–60"
"45","Scent & Sensory","Months perfecting scent","We spent months perfecting the scent — because hair care should delight every sense, not just leave you clean. The Ivy Bee's signature botanical fragrance is subtle, sophisticated and utterly addictive. Breathe it in.","Scent-sational Hair","A fragrance worth obsessing over.","Shop Now","Women aged 28–60"
"46","Salon Quality & Value","Salon results at home","Salon-soft hair without the salon price tag. The Ivy Bee delivers the smooth, shiny, healthy results you'd expect from a professional treatment — in the comfort of your own shower. Why pay more?","Salon Results At Home","Professional-quality botanical care.","Shop Now","Women aged 28–60"
"47","Salon Quality & Value","Premium, smart price","Think premium hair care has to break the bank? Think again. The Ivy Bee brings botanical, salon-grade formulas to your bathroom for a fraction of what you'd spend at the chair. Treat yourself, smartly.","Premium Hair, Smart Price","Luxury that makes sense.","Shop Now","Women aged 28–60"
"48","Salon Quality & Value","A little goes far","A little goes a long way. One pump of The Ivy Bee Shampoo lathers richly and lasts — so your beautiful bottle stretches further than you'd think. Premium quality that's kind to your hair and your wallet.","Luxury That Lasts","A little goes a long way.","Shop Now","Women aged 28–60"
"49","Salon Quality & Value","Skip the salon","Skip the salon, keep the results. The Ivy Bee Hair Treatment gives you that just-left-the-chair softness and shine at home, whenever you want it. Your weekly ritual for gorgeous, healthy hair.","Salon Softness, On Repeat","Weekly treatment, endless shine.","Shop Now","Women aged 28–60"
"50","Salon Quality & Value","Worth the investment","Invest in your hair — it's the one thing you never take off. The Ivy Bee's complete ritual is the upgrade that pays you back every single day, in softer, stronger, more beautiful hair. Worth every penny.","The Upgrade Worth Making","Premium botanical hair care.","Shop Now","Women aged 28–60"
